{"cameraMode":{"drawMode":0,"name":"Shaded","section":"Shading Mode"},"sceneLighting":false,"audioPlay":false,"sceneViewState":{"showFog":true,"showMaterialUpdate":false,"showSkybox":true,"showFlares":true,"showImageEffects":true,"showParticleSystems":true},"in2DMode":false,"pivot":{"x":-1.5010089874267579,"y":0.9511709213256836,"z":-1.7158033847808838},"rotation":{"x":-0.14483831822872163,"y":0.8547014594078064,"z":-0.33673855662345889,"w":-0.367623895406723},"size":1.5021960735321046,"orthographic":false}