{"cameraMode":{"drawMode":0,"name":"Shaded","section":"Shading Mode"},"sceneLighting":false,"audioPlay":false,"sceneViewState":{"showFog":true,"showMaterialUpdate":false,"showSkybox":true,"showFlares":true,"showImageEffects":true,"showParticleSystems":true},"in2DMode":false,"pivot":{"x":-0.8438374996185303,"y":-0.3026087284088135,"z":-0.12587285041809083},"rotation":{"x":-0.04778236523270607,"y":0.937535285949707,"z":-0.3136151432991028,"w":-0.14284507930278779},"size":4.615972995758057,"orthographic":false}