{"cameraMode":{"drawMode":0,"name":"Shaded","section":"Shading Mode"},"sceneLighting":false,"audioPlay":false,"sceneViewState":{"showFog":true,"showMaterialUpdate":false,"showSkybox":true,"showFlares":true,"showImageEffects":true,"showParticleSystems":true},"in2DMode":false,"pivot":{"x":-5.302000045776367,"y":0.38600000739097597,"z":0.0},"rotation":{"x":0.01475664135068655,"y":0.9405954480171204,"z":-0.33676013350486758,"w":0.04122736304998398},"size":2.221860885620117,"orthographic":false}