{"cameraMode":{"drawMode":0,"name":"Shaded","section":"Shading Mode"},"sceneLighting":true,"audioPlay":false,"sceneViewState":{"showFog":true,"showMaterialUpdate":false,"showSkybox":true,"showFlares":true,"showImageEffects":true,"showParticleSystems":true},"in2DMode":false,"pivot":{"x":0.5449999570846558,"y":-5.587935447692871e-9,"z":1.0},"rotation":{"x":0.01475664135068655,"y":0.9405954480171204,"z":-0.33676013350486758,"w":0.04122736304998398},"size":2.8018929958343508,"orthographic":false}